index,PMAIZMTUSDM,PBEEFUSDM,PPORKUSDM,PLAMBUSDM,PPOULTUSDM,POILBREUSDM,fao_food_index,bioethanol_production,retail_china,fnbretail_USA,D0_USA,D1_USA,D2_USA,D3_USA,D4_USA,cdd_BR,precip_BR,enso_anomaly
2003-03-01,54.891234593075346,5.010958880000007,48.8385,42.650451242996276,4.732437893918232,30.1680952380952,15.57991582853906,-7.817877630859374,-38480.769971200054,1199.8251562212504,17.11,11.86,11.82,12.34,0.46,3.88,236.61,0.45
2003-04-01,53.62857027947082,6.590054079999987,49.2071428571429,44.29548329527489,3.6222187506811303,25.035,14.853710016039058,1.3388070525781028,23627.438028800025,1722.3775059324973,21.05,13.13,12.53,9.09,0.2,6.7,188.09,-0.05
2003-05-01,52.36167747596099,9.261964031999987,58.9933333333334,51.24550274350978,3.6736010406069446,25.7145454545455,14.794117082726563,9.835249244140623,27924.066790400015,1585.2140221112475,16.32,13.87,11.82,7.8,0.56,10.27,137.86,-0.52
2003-06-01,52.82218192909454,7.828468480000012,64.8055,51.074997160687495,3.8320208464065284,27.5666666666667,15.960943895218751,-3.9737211682031286,25312.40524799996,1095.515003974999,20.58,7.31,9.31,8.28,0.68,14.68,91.11,-0.21
2003-07-01,51.9095752464502,9.18823744,60.8995238095238,45.40466310795523,4.702182040036614,28.5039130434783,14.852444147320305,-1.7412002120312542,14604.27560960001,1441.3174180849971,8.2,15.79,11.85,10.52,1.34,20.08,51.53,0.24
2003-08-01,51.886821894900834,10.243597120000004,56.6876190476191,37.06300742937334,3.4654805724593936,29.7180952380952,14.415145211921871,5.964676004687496,3086.583296000002,1032.806063074999,0.0,0.0,0.0,0.0,0.0,19.41,62.79,0.2
2003-09-01,55.42627572992132,6.960105280000003,56.6514285714286,41.73087663169219,3.126472123733105,27.0440909090909,15.188933505703124,-3.754097224218745,-15664.982784000007,1466.5333640787478,8.96,13.26,13.33,11.92,1.41,12.54,77.51,0.19
2003-10-01,56.85953773079444,2.645687615999997,52.5381818181818,55.95648543776927,3.2184220112717123,29.435652173913,14.31103886407812,5.000732871562485,4760.340377600028,1395.5909888937485,13.0,11.36,14.22,12.83,1.85,9.11,117.11,0.38
2003-11-01,46.18391385698783,-3.1485923199999952,48.6905555555556,39.09937995334612,3.8028375737633358,28.9485,14.353506405781252,-0.1321321657812481,-2316.043161600015,1206.338036630001,10.92,12.19,13.36,11.56,2.5,6.6,146.91,0.29
2003-12-01,47.50655075209335,2.031119296000005,48.6805,39.68269646717165,4.421750803662105,29.7434782608696,14.12536130580468,-7.733811975859376,-33376.06886400006,1854.80508908,9.64,10.97,14.53,10.08,2.49,6.17,173.63,0.38
2004-01-01,49.29386898426724,5.882430694399983,52.9425,50.43112640411234,5.6021680760249195,30.9818181818182,14.216390937101554,3.9346540200781064,-18394.63255039994,1210.6545713699986,13.07,9.08,13.41,9.88,2.59,3.66,288.1,0.38
2004-02-01,48.16273789541082,-1.518634880000001,61.0288888888889,50.845709012314046,5.017936635308646,30.795,14.853707966289065,-4.108449340312518,4151.989555199968,1538.9621007312514,0.0,0.0,0.0,0.0,0.0,3.23,268.85,0.34
2004-03-01,49.82327311692586,15.078451839999989,65.3495652173913,43.523536008430604,4.2097527787334625,33.424347826087,15.46224124966406,-10.624537373593753,-44041.70839040001,1734.9488471912484,17.1,8.47,12.27,9.3,1.63,4.07,240.83,0.21
2004-04-01,51.20798253896224,9.138757504000006,65.2845454545455,50.828495664740956,4.068034469353789,33.3577272727273,15.230284224679682,-1.4963009401562726,17047.977932799997,1295.4873735387469,15.28,10.82,12.22,9.15,0.9,5.36,176.64,0.16
2004-05-01,52.74547138520619,16.302332159999988,78.8715789473684,49.932278784401696,2.88041590072655,37.5890476190476,16.423898449656246,1.4643049786718716,47492.74603520002,1633.435270936252,16.16,11.4,10.72,10.03,0.67,8.82,127.97,0.14
2004-06-01,57.73957003546231,9.493011520000003,78.3604761904762,49.77970523063381,3.488821024595333,35.4377272727273,16.41250306006249,0.4420739307812652,15988.999398400041,1473.0526336274957,13.91,8.57,10.36,8.2,1.02,13.7,75.97,0.2
2004-07-01,63.32155173665608,2.2596878719999904,78.6619047619048,47.287604406526974,3.3724340034032414,38.2268181818182,17.87021631004686,-1.4345669401562713,9609.849907200012,1719.9371555212492,19.05,8.29,10.94,7.99,1.15,15.67,74.11,0.51
2004-08-01,71.31160337144874,-2.873090879999998,76.0336363636364,45.4989673745058,3.248642483272922,42.2240909090909,19.050933114187494,-0.31790146289062093,-14164.841779199995,1592.5605623774995,10.99,10.72,9.37,8.63,1.01,19.38,50.68,0.7
2004-09-01,71.21117057249397,7.44626143999999,74.8804761904762,41.48557868375315,2.7407721365165822,43.3159090909091,18.466900726703113,1.756828239218738,1713.2985087999675,1491.7593280750023,16.38,9.78,10.17,7.08,0.78,15.84,65.02,0.72
2004-10-01,71.43408818616273,6.419407680000003,72.6961904761905,46.004864553798136,4.761014294936942,49.7361904761905,18.47694223502344,6.418930926718719,3310.577740799986,1380.8727482899974,12.75,7.86,8.97,6.19,0.78,12.98,125.16,0.68
2004-11-01,53.68144496654619,5.30426016,75.8121052631579,50.77124246586,7.057707591787419,43.7486363636364,18.307012020460938,-4.310516235625039,-6327.604633600011,1812.062976233753,11.6,8.61,8.51,4.64,0.78,7.83,134.76,0.61
2004-12-01,55.5479667630572,11.738716031999997,72.1790476190476,47.318186917703066,8.031136625018714,39.965652173913,17.00502225796874,1.6857482789843474,-19590.271360000028,1318.0082887462488,9.52,9.56,7.93,4.3,0.64,6.38,177.81,0.69
2005-01-01,50.31185353318355,19.423407359999988,72.0845,42.02731897360154,7.864942516222347,44.1747619047619,17.746616735046874,2.5187255833593705,-21652.974310399968,1534.5532315337487,8.9,11.84,7.82,3.47,0.6,3.34,240.6,0.76
2005-02-01,45.74468543357941,12.060617919999999,69.228947368421,44.925900810555646,6.912745200514118,45.721,16.802037355890626,-3.307946858203122,5712.699596800027,1642.770395232496,9.88,8.64,8.95,3.5,1.1,4.36,221.09,0.46
2005-03-01,45.36068790843684,12.138460800000002,69.3813636363636,44.34333256066015,6.431600204249992,53.2291304347826,17.40011497675781,1.5428671125781377,-52582.93160959999,1349.025170564998,8.98,6.16,8.41,3.35,1.43,3.45,251.25,0.53
2005-04-01,47.06381140906711,11.48670636799999,68.9965,55.57664922788226,5.458889647346315,52.6042857142857,17.728424720468745,-5.148980210468757,32962.90987519991,1835.966429871251,18.74,7.23,7.13,3.32,0.56,8.01,172.16,0.35
2005-05-01,47.65936335772476,8.081552447999991,74.9233333333333,59.12519608182747,4.998306943931843,49.2854545454545,17.237943855898433,-0.8847545375781326,34937.57268480019,1360.7414564162484,17.84,11.24,7.47,0.88,0.0,11.18,126.47,0.39
2005-06-01,44.63106886438488,8.276948927999982,67.3252380952381,54.62074980715368,5.20573244861757,54.8390909090909,17.102816899671875,5.094248450234363,26616.74111999999,1892.6488846900024,22.41,12.86,7.49,0.59,0.0,15.54,64.87,0.12
2005-07-01,51.00759331911332,11.967932223999993,67.5178947368421,54.658093352025894,5.212146193914581,57.6257142857143,19.030111093429685,7.7664787067187415,17866.8185856,1283.2071952037486,19.55,14.19,8.46,1.54,0.0,18.2,44.89,-0.19
2005-08-01,47.3371993611552,7.76965919999999,69.7131818181818,52.675918197547716,5.0692425313250675,63.9504347826087,17.150321766343737,3.388612173437521,-18464.199244800053,1841.3624957787474,19.48,11.09,6.35,0.7,0.0,21.54,44.18,-0.1
2005-09-01,45.17931962719815,11.758855871999987,67.5338095238095,52.611087351540085,5.145373672525972,63.2613636363636,17.12570351845311,-9.283571561953133,1464.4569087999625,1598.7914969887524,20.36,15.22,5.01,0.68,0.0,16.44,71.79,-0.11
2005-10-01,45.63663117897328,9.210884159999997,64.8757142857143,50.65775881767632,5.21129536866237,58.9085714285714,17.789451343476554,-5.95964425757814,4428.995430400001,1736.6029066850006,26.61,13.84,3.69,0.84,0.0,10.81,113.27,-0.1
2005-11-01,55.78878143401477,13.561936639999992,59.8847619047619,45.6249009750893,5.4288305488578885,55.4495454545455,17.97833222054688,1.0260300800781108,-6874.926463999994,1643.045663463749,23.3,14.01,4.47,0.88,0.0,6.82,171.0,-0.64
2005-12-01,49.66800559966202,11.089166720000012,60.6042857142857,45.701139073279805,5.275323524412629,57.1568181818182,17.26090575598436,1.8350881531249754,-40943.11178240001,1767.3758672550014,19.8,11.71,3.61,1.87,0.51,4.44,254.45,-0.97
2006-01-01,46.289980518050044,14.314315519999989,55.8405,49.11949512063157,6.524922598789071,63.3118181818182,17.81907115598436,-5.001873792500057,-29913.037209600017,1458.2570951074974,16.8,13.28,5.78,3.19,0.45,6.22,211.31,-0.91
2006-02-01,51.56548216717798,10.150847039999991,58.4322222222222,45.39461820726139,7.2243428010481905,60.8055,18.832730614343745,-2.9527623379687395,-2214.7979264000624,1467.2852787087504,17.74,11.43,7.73,4.95,1.02,4.41,232.47,-0.67
2006-03-01,43.806038177436136,12.419601856000002,58.5052173913044,43.44423515942117,6.970135684655358,62.7469565217391,17.905295718484368,-2.0006231025781434,-85452.86123520005,1784.8583572524997,22.43,12.25,10.45,2.54,0.99,2.93,254.11,-0.71
2006-04-01,50.031999136344524,12.085186367999997,55.9635,44.16272203690955,6.543660416330473,70.34,18.63093849349218,-4.888043965390637,30104.245862399923,1061.9875360574958,22.34,12.18,8.3,3.15,1.48,4.54,211.15,-0.32
2006-05-01,48.82585897721574,9.591244799999984,66.225,46.606278878564225,5.882830618608968,70.51,18.185619712273432,-10.162045156953155,70908.01776639993,2393.167864987498,20.24,12.18,6.65,4.64,1.06,11.91,144.11,-0.09
2006-06-01,53.135816626082956,12.84039980799998,74.3795454545455,45.90532641852699,5.898822364008261,69.2327272727273,19.574495883109368,4.925200333281239,26452.732083200088,1619.0311532737496,17.76,15.26,9.43,6.23,0.76,16.7,66.87,0.0
2006-07-01,49.850650233176985,9.44209567999999,70.1,38.47981360801641,5.558845714642176,74.0409523809524,18.196851364406246,15.119783241562516,7378.2989567999675,1850.7287109050003,12.92,16.47,14.52,8.37,1.05,18.98,54.14,0.01
2006-08-01,51.78263734257287,10.065172480000001,71.9295652173913,34.574238692720535,4.359438878717332,73.5004347826087,17.770123881070305,-1.2760071789061949,-33093.30621439996,1948.7741278512485,16.22,17.68,14.17,6.89,1.45,18.74,43.11,0.31
2006-09-01,54.049547728217405,10.194211199999991,67.907,39.67624034821526,3.7913418725795776,62.5271428571429,18.696989870656243,-21.23577921624999,18197.99971840001,2039.1615863499997,17.76,15.17,7.94,5.68,0.0,14.1,75.1,0.6
2006-10-01,50.34688540251921,6.560007039999989,64.32,37.49957764457782,4.092707459730098,58.7581818181818,17.820444047789067,5.317007077578095,10202.704588799981,1741.2695290375007,15.66,12.02,8.05,5.06,0.0,8.76,133.02,0.7
2006-11-01,52.03854767765366,8.011025599999996,62.1204761904762,37.771719615727555,4.622691826430495,59.2227272727273,19.439091558273446,-10.238811853437474,-1766.6481152000133,1370.8400125637472,17.93,9.95,5.89,5.06,0.15,5.95,184.57,0.99
2006-12-01,48.03949038121622,10.445657087999997,60.5865,54.59317691982342,5.040463579005991,62.2604761904762,18.84643757496874,-2.1542102114062254,-41927.35595520006,1603.3164526062492,20.28,11.02,5.41,4.68,0.28,5.08,201.37,1.14
2007-01-01,44.163876312962614,9.77090592,59.5427272727273,53.755534820095036,6.159072282217762,54.5030434782609,17.605111256210936,0.6328689785156681,-37050.27988479989,1890.8077216362497,19.29,9.87,7.03,4.26,0.17,4.03,216.19,0.7
2007-02-01,59.20357158848003,7.677444159999995,65.6765,43.27647981439327,5.446790694422689,57.9695,18.01503482499998,-5.402351298281299,23123.28097280002,1801.634265346252,21.25,9.91,7.29,3.69,0.19,4.57,229.28,0.13
2007-03-01,81.18309005088807,11.30074041599998,61.5345454545455,44.18509156357819,4.223711755899512,62.3572727272727,19.96086732294531,-10.126368515000035,-59068.589644799904,1064.695854061248,22.28,16.9,6.27,2.6,0.0,5.32,205.24,-0.18
2007-04-01,76.32708645833647,12.827958080000002,65.4204761904762,50.90279741331437,2.8364331494875965,67.6904761904762,20.84759057510155,-8.789547662734366,10861.807360000048,2608.607324234996,19.28,14.77,8.42,3.96,0.0,7.34,181.99,-0.31
2007-05-01,78.62520231141991,11.591002239999995,73.51,49.281370268369415,2.3361819106011446,67.7178260869565,19.37719369183593,-6.36136550609378,55807.191679999996,2309.2572645412474,20.07,14.3,9.1,5.64,0.0,11.85,121.88,-0.47
2007-06-01,94.34718725435499,10.755242559999981,74.0647619047619,45.43681652453095,2.767412710374959,70.6190476190476,19.619418900296868,6.240030481718703,39572.95014400011,1431.4253341325,21.88,13.41,9.56,5.28,0.64,17.55,60.5,-0.36
2007-07-01,91.2769420500259,11.402579200000012,70.8123809523809,42.490997024488195,3.632262463564065,76.1331818181818,18.515965535820303,-2.8724062098437604,7225.513420799942,2025.3201898812517,22.09,14.53,18.34,5.11,0.55,20.25,66.09,-0.59
2007-08-01,72.48725652676991,11.208524415999987,70.3573913043478,44.767307122457666,4.056253101048409,71.3130434782609,18.99529454216407,-10.546421226093752,-40433.6944896,1863.2728725300012,18.03,10.5,16.95,8.41,2.32,20.98,42.55,-0.72
2007-09-01,79.90290411438556,8.50956447999999,63.1516666666667,43.28869256202401,4.704297780755525,76.772,18.143244858992176,-7.246567719609431,20477.56264959995,1703.9606267125005,15.91,11.81,14.72,7.21,2.8,17.76,53.93,-1.11
2007-10-01,88.395439519519,11.998274559999997,56.6947826086957,42.15585300195575,5.503732327633601,82.5073913043478,20.03560873822656,0.4763496432030958,9199.916032000057,1906.8569125574961,15.39,10.28,12.53,4.75,1.84,12.79,113.45,-1.39
2007-11-01,68.456884362459,9.87980163839998,49.949,49.02535595593092,5.8895746088749235,92.7313636363636,21.268077529968743,-11.19017408734379,-6347.969843199952,2106.103438731248,21.56,13.05,12.1,2.43,2.71,7.71,164.63,-1.53
2007-12-01,68.33938914086006,11.004272319999995,53.2768421052632,47.385213436190384,5.997740323500963,91.5195238095238,21.0799651488203,-4.268073687187505,-48826.14599679999,1765.8046002124995,21.44,12.15,12.19,2.81,1.99,4.73,219.79,-1.58
2008-01-01,73.90106423854974,12.388594368000001,49.7613636363636,45.077744437221945,7.909276179836022,92.0917391304348,25.140140105218727,-7.452636932343796,-51050.951628800016,1813.9858815374982,25.65,13.66,9.0,1.61,1.8,3.17,262.78,-1.68
2008-02-01,72.72226752338265,8.28581644800001,57.8561904761905,48.1280600653862,7.685069052269622,94.722380952381,25.122357528343745,-21.62621943398438,22061.520076799956,2082.925269623754,23.26,10.99,10.0,1.99,0.75,3.57,239.6,-1.66
2008-03-01,72.85240764154406,8.708969407999986,53.2404761904762,52.55741148736467,6.344280004187764,103.161904761905,24.68674311178124,-1.1569345582031023,-80745.57329919992,1640.1433289962445,23.33,15.65,5.73,2.4,0.0,2.91,265.3,-1.21
2008-04-01,71.38627800015544,9.434459199999992,61.1513636363636,48.29142680110276,4.815380971064147,110.033181818182,24.525247282570305,-20.603552705937535,5897.523328000094,2575.398401441249,22.67,14.02,6.71,1.8,0.24,4.14,199.76,-0.99
2008-05-01,91.5262667501872,8.009167807999999,78.1123809523809,36.60527450255265,3.4907121968957036,123.862272727273,25.80672274297656,-11.661849536328136,81708.4855040001,2642.8176083362528,19.0,11.12,5.58,1.37,0.0,11.07,149.87,-0.84
2008-06-01,97.9503410714124,29.73044288,73.8952380952381,45.481784568190776,3.6866317362335153,132.760476190476,31.930874368039046,-23.644208472187515,31283.531648000004,1647.9772154174968,16.59,13.37,6.52,2.98,0.66,15.27,77.37,-0.68
2008-07-01,106.54910744303535,8.833729920000016,76.0757142857143,48.2378434522169,4.8081381217819485,133.585217391304,36.78701067214063,-1.0105460298437579,5296.066867200025,1943.1460011887505,19.31,13.11,7.07,2.69,0.81,20.35,47.32,-0.3
2008-08-01,118.09395438696411,-10.326340480000018,84.5619047619048,52.30574192069841,4.176158134529916,113.800476190476,35.494409140656224,-25.481141797734413,-46648.217651199964,1725.5259661312477,23.53,13.28,5.64,1.2,0.12,19.25,48.45,-0.13
2008-09-01,105.95447066044312,5.810989055999999,71.1622222222222,56.72847588307896,3.7039507001732503,98.7554545454546,35.08179137793753,22.955837610546848,15108.251775999966,2106.2165225762465,23.1,12.37,5.95,1.41,0.15,15.7,67.77,-0.25
2008-10-01,161.027397041626,8.737564586666657,63.6717391304348,57.37399819128881,3.939241352335364,71.9634782608696,40.97513467754686,-19.57593348523429,9290.992588800025,1991.7542171037458,20.14,10.4,6.47,1.34,0.1,10.19,116.06,-0.35
2008-11-01,154.54047937992163,11.421502933333304,52.6042105263158,61.59008193815365,6.108419747092977,52.7135,45.31900062733592,-25.15476675960937,-6991.0709248000085,2104.8635833924973,25.32,11.45,4.92,1.27,0.52,8.62,181.18,-0.46
2008-12-01,129.59986231216033,19.90089919999995,53.6990909090909,60.98377543277736,6.7331547446715785,40.5117391304348,43.07241701266407,9.590021896249999,-59611.39417599997,2055.583652964997,22.82,10.9,4.2,0.75,0.31,4.39,241.84,-0.86
2009-01-01,145.3711419281835,24.212501973333087,55.9928571428571,59.83054010989212,7.281342385661533,43.1745454545455,43.4560460335078,5.372259343515643,-52879.81800959996,2374.424560457497,22.62,10.29,5.57,1.92,0.49,3.37,256.08,-0.89
2009-02-01,100.17424300170964,11.807227626666984,57.3705,60.843815506855506,6.942031706979356,42.9105,33.03206055011717,-15.118666662187445,37429.867187200056,2171.3321084112486,24.44,14.39,5.41,1.21,0.71,2.61,246.37,-0.79
2009-03-01,82.10334984552782,13.631406720000008,57.3518181818182,46.671516873922975,6.230341877805276,46.5827272727273,26.74386362094532,23.597819606484375,-80877.50850560004,2032.0525943549978,21.58,14.08,4.89,1.3,0.52,3.49,254.34,-0.7
2009-04-01,73.19266327195596,8.07093472,57.8327272727273,44.241054933785634,6.247552032594796,50.5190909090909,23.308856529359357,32.05551637515616,12941.304140800074,2042.293284313754,22.92,8.58,5.07,0.98,0.72,4.46,234.43,-0.35
2009-05-01,89.71912732071404,15.582784704,58.5305263157895,42.12885738785142,6.958301713516144,57.5014285714286,24.414780869101563,-13.035018219843725,153062.37352960015,2527.4326299649965,17.82,7.3,3.99,0.74,0.48,7.39,172.74,0.06
2009-06-01,78.38420043745778,4.0999289599999935,57.0509090909091,38.01343125404471,7.126445576818098,68.58,21.552263504515626,10.55543841000004,9901.817190399997,2402.033555103748,18.78,7.15,3.28,0.67,0.82,11.31,106.72,0.31
2009-07-01,78.26027791245866,6.466245759999997,57.8461904761905,31.33794476997675,6.048054012407413,64.9043478260869,19.135464760695296,9.408128531718646,5568.138495999992,1917.7378152425028,20.58,5.41,3.62,0.91,1.24,15.4,62.02,0.48
2009-08-01,80.80022050155203,6.174285759999994,49.5623809523809,35.64755810702262,4.866299343482091,72.5919047619048,19.22685267535156,-24.995642976406216,-57541.807513599844,2099.2985753812486,17.2,6.93,3.08,0.68,1.28,19.35,54.03,0.56
2009-09-01,95.21870438159215,8.181647039999984,50.5623809523809,34.26935792605302,5.332499115578259,67.5131818181818,25.55595991700781,-18.596963424453143,18930.961203199913,2129.834135178749,18.98,7.41,4.17,0.86,0.23,13.49,70.05,0.68
2009-10-01,102.21128824336292,9.353457919999995,50.8977272727273,44.11176407645646,6.340412485283497,72.9686363636364,26.42836317121876,-25.262665128203214,9592.8786944,2132.0298511199967,13.52,6.18,3.56,0.33,0.06,9.55,141.22,0.89
2009-11-01,73.52864280467054,11.258712000000008,54.128,44.261794715306685,8.37942469960716,76.9366666666667,22.099185706742187,0.9051646834375502,-10048.502143999993,2136.5943662074997,12.66,6.69,4.05,0.41,0.0,8.16,127.3,1.45
2009-12-01,72.46751834719643,11.282460479999992,61.8481818181818,46.68951367698565,8.432789466426648,74.7895652173913,24.559520633875,12.957792223203155,-70394.37055999998,2242.49573317375,17.64,6.85,3.43,0.17,0.0,5.22,242.11,1.73
2010-01-01,65.8668568331134,13.531538879999998,67.3395,46.546282129078456,8.200586976069163,76.6023809523809,22.631379010984354,-8.445739730546917,-68090.9313536,2078.1715072200027,22.1,5.97,1.21,0.02,0.0,3.31,230.72,1.51
2010-02-01,82.02966064614154,5.878739519999987,66.1842105263158,42.87598184543255,6.661511962450906,73.903,22.05824367758592,-37.688921269531235,46352.78233599996,1872.874526362498,22.14,6.13,1.35,0.02,0.01,4.38,184.55,1.25
2010-03-01,88.7163666465995,7.716397504000004,70.925652173913,48.56642021000783,5.822720159728194,79.5191304347826,25.3382512879297,2.0948216014062258,-113131.24377600013,2034.6553330537472,21.74,5.91,1.71,0.04,0.01,4.08,209.08,0.9
2010-04-01,81.63947564371513,3.116005439999995,77.5731818181818,45.65758561476121,5.108935644219169,85.1563636363636,27.196808937945303,-6.678717265468734,4938.7238400002125,2036.649464852501,24.37,6.8,2.22,0.04,0.01,9.51,194.0,0.38
2010-05-01,86.1626228454194,2.7329993599999964,85.284,48.94484294247272,5.6147146434131345,76.1323809523809,29.799098054593745,-12.673615375859448,54120.699519999835,1591.127590374998,20.72,5.8,2.35,0.44,0.01,10.75,122.53,-0.22
2010-06-01,81.86303571978951,2.1254454755555408,78.7154545454545,47.11191526810075,5.15544151896808,75.2463636363636,28.70113063166406,6.6440135389062664,112009.2595200001,1922.3273488699954,21.02,5.88,1.25,0.37,0.01,15.52,68.69,-0.69
2010-07-01,78.92803887202984,3.975538534141393,78.7963157894737,41.12414076385168,4.70735791687171,75.195,25.557477379687498,18.194825909843775,-9139.802368000095,1864.8736899787486,17.54,5.23,1.42,0.29,0.01,18.51,61.48,-1.07
2010-08-01,75.43690536648734,22.954010569696926,83.1514285714286,46.485307902110144,4.928265311633073,76.8918181818182,26.015066611140618,9.01355483515612,-80776.15872000004,2138.145016861251,21.5,6.78,1.15,0.17,0.01,22.04,33.51,-1.38
2010-09-01,81.45109957678557,25.470663014141046,81.9347619047619,38.90937620624035,5.562601121033981,77.9381818181818,24.324533036304683,3.1374806435936975,25332.43212800004,1903.599854197497,25.24,7.58,2.03,0.31,0.01,18.7,54.47,-1.59
2010-10-01,63.54551842746775,11.388543831919348,71.1509523809524,35.753796504207585,5.761415032670983,83.3385714285714,20.15362903021094,5.983772068906202,18718.243840000006,1988.3998855149937,23.72,7.84,4.32,1.14,0.0,10.72,128.53,-1.69
2010-11-01,66.03603759048765,6.441230196364004,63.4795238095238,38.77106637446297,6.492251112292879,85.8009090909091,18.99420793448436,-1.801233486328187,-21641.308415999945,1827.6638052312437,24.83,8.92,4.45,0.68,0.0,5.32,177.55,-1.64
2010-12-01,64.858611087328,12.934801137777765,68.8142857142857,42.40323087514976,6.621491659316138,91.96,22.40538982420312,5.855795098906246,-84442.22207999995,2200.811283132492,17.87,12.3,5.63,1.98,0.0,4.93,220.19,-1.6
2011-01-01,84.5469747692322,10.176245688888896,75.042380952381,41.31749567164566,7.493004498400682,96.952380952381,24.668114415984363,-2.3898237135938367,-59749.13254400016,2052.6920777999994,21.58,11.37,7.51,1.35,0.0,2.7,258.44,-1.54
2011-02-01,110.34837795890202,9.154156010666632,83.2185,43.567112290304344,7.291416570364256,104.2385,27.52210637858592,-27.430838668125077,48786.695935999946,1975.2248877274958,15.21,13.1,8.53,1.92,0.0,2.93,253.2,-1.11
2011-03-01,106.07240954414037,-2.8184777893721544,84.6381818181818,46.509200608134485,6.621713022150444,114.917391304348,28.335340013914045,18.33981565492186,-123742.52262400005,2344.074346872501,10.22,8.87,7.86,7.04,0.35,2.38,280.79,-0.92
2011-04-01,110.142985436854,4.0466793151693174,92.057619047619,40.971922316865474,6.429262613783633,123.325714285714,30.9599581681328,11.69505524179677,28771.7826559999,1957.3795683962505,8.87,6.03,6.36,6.93,2.81,5.5,209.01,-0.76
2011-05-01,115.4008295953998,17.71225123667982,92.4485714285714,40.49166480229311,5.81363471128863,114.929545454545,33.73746544310158,25.10281374828122,162306.56076800005,1512.7275453400025,7.57,4.13,4.98,7.08,5.23,11.01,133.8,-0.52
2011-06-01,141.94566216509915,12.752621415968282,94.545,42.01757299154165,5.403210642182305,114.370454545455,39.19088813059373,6.726404500703163,1183.4201599999367,2042.977058816249,11.3,4.04,4.1,5.38,9.97,16.87,70.97,-0.38
2011-07-01,131.79359685039825,13.770120884954116,96.915,43.56009161377347,5.887763449910354,117.483333333333,35.01948973679688,34.42842003562494,37292.41395200008,2172.9112640499984,12.81,6.02,5.76,6.15,9.13,18.07,55.62,-0.42
2011-08-01,163.3976539572307,26.28830576015087,103.024782608696,45.13632952628066,6.059341919274048,110.354782608696,37.78675493678906,1.6427214276561706,-88558.46528,1773.1705084737566,13.24,6.82,5.42,5.9,9.37,18.97,42.7,-0.64
2011-09-01,153.46349548085945,21.81426890263118,88.5542857142857,46.21486801420382,5.83125541038717,111.962727272727,37.08292947630466,-1.4075776810937024,28623.52255999985,1907.5324021462534,12.51,5.26,4.85,5.27,9.77,16.67,58.92,-0.8
2011-10-01,159.03622710918242,16.46030582727593,92.477619047619,45.6714087346173,5.8150115753849345,110.429523809524,38.0661953011875,29.487475331874933,28922.017023999953,2233.063868428744,8.82,6.94,5.56,7.42,7.4,10.64,168.55,-1.05
2011-11-01,149.2595652834391,13.762060739454041,85.7028571428571,44.99612576550273,5.506730290108821,111.158636363636,37.01129210744531,-2.8341689295313177,-17828.903423999956,2099.462787069999,9.85,6.31,5.82,7.52,5.0,5.21,173.1,-1.18
2011-12-01,165.8561046896239,20.1952629815026,83.7583333333333,50.21376027168866,5.599096837085979,108.347727272727,38.7234523927578,25.69494801039047,-101065.63000320015,1994.0113423049986,14.8,10.97,7.28,5.73,2.77,6.14,201.51,-1.05
2012-01-01,158.70338418153722,15.256494596363444,84.1261904761905,45.2564189056417,6.374182727345535,111.415,38.59594273026562,-8.410644123515677,-50405.62662400004,2219.9306105312467,17.16,16.22,7.41,5.36,2.66,3.69,264.97,-0.87
2012-02-01,137.95374499808676,3.772107561212267,86.4052380952381,49.15262508763874,6.151623774203313,119.165714285714,34.30527041992967,-30.56643676148447,55236.663296000086,2282.864261568753,15.79,16.02,9.97,4.3,2.09,4.72,218.9,-0.67
2012-03-01,140.1610311049484,13.380161642943607,84.6895,49.05632760773279,5.7781612250100745,124.703181818182,36.37914909702344,-0.25918682476561666,-138949.67679999996,2532.541205812498,19.47,14.32,10.91,3.96,1.61,5.4,208.91,-0.61
2012-04-01,119.57701497361643,15.899425548744686,79.8525,44.22241773178489,5.832088514518997,120.47,31.86577937615625,34.40422526453124,109871.54803200006,1388.728850196255,17.62,14.83,11.28,4.17,1.61,5.75,163.59,-0.49
2012-05-01,132.47563056308016,14.498301668270171,79.1522727272727,44.89472268064334,5.559464004852088,110.822173913043,30.841048369765616,30.271437266953118,21228.636160000045,2287.635923729991,22.3,15.43,11.49,3.83,0.55,10.48,106.77,-0.32
2012-06-01,139.77153011249945,17.92351263560344,91.872,45.11446830323969,5.066524072855099,95.8890476190476,34.36219521551561,41.08728347718742,134286.85824000003,2359.136785167498,23.88,18.19,20.02,8.14,0.5,11.52,81.02,0.02
2012-07-01,140.93621084632457,20.560859717914262,94.47,42.62203124721654,6.156956633471792,102.979545454545,36.05206775734374,21.633202392031343,18441.999359999925,2004.3734063125023,13.75,14.48,19.51,16.1,2.52,17.79,57.14,0.25
2012-08-01,132.32752926655672,22.335220869806,86.3786956521739,42.65680932866477,5.952100022549748,113.780434782609,37.446237394875,-1.2145933239063296,-92697.46150399992,2415.052593242496,17.16,17.22,16.04,14.33,5.05,21.64,33.16,0.47
2012-09-01,121.07310361490339,20.6144841277773,68.7684210526316,34.61729411126735,6.394098172636663,113.6415,32.73875634075781,19.875928627421896,30739.705087999948,2150.0760209274968,14.39,20.53,16.69,11.75,5.07,20.73,57.5,0.38
2012-10-01,100.55522627133321,19.190335551048495,79.7152173913044,27.40214573154641,6.5934472231751124,111.792608695652,26.18216460531249,79.36812446265637,41715.56889600001,2239.94379816125,15.48,18.46,16.09,11.0,4.91,12.0,90.99,0.26
2012-11-01,167.61629571480188,13.848689285058684,77.8976190476191,27.4523518307714,6.505105371185182,109.911818181818,31.626627607382805,-16.769049947265586,-21631.38380800008,2406.795230812507,18.7,17.66,17.95,11.48,5.34,7.06,175.71,0.15
2012-12-01,170.74136807440868,18.21570969127825,80.018947368421,24.156901145078006,6.248600786400861,109.569047619048,32.062951955281235,38.93415111523436,-139440.07910400012,2099.5502985224957,19.8,16.25,17.37,12.18,5.64,5.83,180.15,-0.25
2013-01-01,159.9691557244975,13.265764634548928,82.7895238095238,26.150670639090116,6.594174938608158,112.527826086957,34.601235186546866,16.310380485390574,-50374.286080000136,2695.2075509237493,18.37,14.25,17.62,10.24,5.72,3.91,255.63,-0.53
2013-02-01,162.28104374836872,6.299179158044638,83.0763157894737,25.682203096320556,6.0157733311759625,116.488,33.80774022821093,-8.655320831171954,62430.1363199999,1655.7021196712508,19.29,15.22,16.25,9.62,4.55,5.18,223.55,-0.51
2013-03-01,166.680138058812,14.160623325728794,73.3566666666667,22.847151055041106,5.781354913014544,109.585714285714,33.60801648861718,10.785402879843682,-160133.11129600016,2401.3631192812436,21.0,14.19,15.2,10.19,4.9,4.8,244.96,-0.25
2013-04-01,156.3122330999018,18.127864850804137,77.9463636363637,25.74403746353722,5.563053857740748,102.96,32.64242941361718,35.25398371179683,164506.12479999982,1945.107580655,15.29,12.15,15.72,8.83,2.84,6.9,186.87,-0.25
2013-05-01,151.56252772780073,19.23477183548273,89.1663636363637,27.58911123587876,5.918086078359242,102.980434782609,33.37011979276562,4.6458426249219125,23623.753983999966,2780.4064126812473,12.31,13.35,14.25,5.55,4.0,11.99,134.59,-0.4
2013-06-01,150.85405885166483,20.58838973163209,98.1,28.60785960007381,5.862264706135102,103.3585,33.56622530314842,-14.132527920546915,144210.8797439999,2364.469097724998,11.29,11.74,16.16,7.43,3.9,11.4,88.08,-0.43
2013-07-01,165.75197942161665,19.43304224608305,98.4468181818182,24.260707121255056,6.028989126918748,107.779565217391,33.44735419265624,-17.450003256562546,19423.945471999774,2824.252239593745,15.11,14.07,17.52,7.21,2.65,15.27,69.92,-0.39
2013-08-01,133.9203851987272,28.92674025431595,96.1209090909091,23.131100329129804,5.803046699363952,111.058181818182,34.21389668635938,-13.422145361249932,-107935.13881599983,2392.7868832949994,14.5,17.41,19.62,7.19,1.05,18.46,54.57,-0.38
2013-09-01,154.62682686557352,20.701308835464516,91.7284210526316,28.04331202155719,6.184426177117721,111.962857142857,34.63720411553123,-2.163543052812513,26177.733631999938,2547.742581290003,18.59,19.88,14.77,2.32,0.24,15.92,74.34,-0.18
2013-10-01,168.28970706821468,13.593173391479949,87.7554545454545,29.968910491880205,6.8922862057231935,109.618695652174,34.924868282257805,34.00611056726556,48048.994303999905,2192.5991144812497,20.19,16.62,12.74,2.11,0.25,9.07,122.33,-0.2
2013-11-01,166.7395989117969,16.025904660343055,81.4989473684211,26.271519046585773,7.753799675339367,108.150476190476,32.76949933017187,29.531290038828175,-22846.819071999915,2332.476976188748,23.12,11.88,10.6,2.87,0.32,5.43,190.11,-0.14
2013-12-01,131.71921899430026,15.737285468906872,78.5704761904762,27.668828444048437,8.186710692793925,111.070454545455,30.602796840578126,4.336973801796808,-157164.16255999994,2210.7549393637473,19.71,12.07,10.62,2.99,0.31,4.84,228.15,-0.17
2014-01-01,106.30440871114253,12.580939576616009,78.8522727272727,28.328665631563506,8.677945740476412,107.926956521739,29.75641084885937,-40.951338407578056,-60704.215296000075,1923.0825540487533,17.99,13.88,11.25,5.39,0.74,4.46,190.62,-0.49
2014-02-01,101.04695304096511,10.708431867133,86.352,28.235995465820675,8.27187357377019,108.838,32.18823542392188,-16.751934634843792,66424.91110399987,1920.5263291337453,16.72,12.02,11.82,4.85,1.31,5.57,226.25,-0.61
2014-03-01,97.65681207824981,13.541664134794454,113.213333333333,29.223771941051453,7.959956314320377,107.868095238095,32.254748478179664,-5.0491739992968885,-173943.7378559999,2982.148451893747,12.58,11.93,11.97,6.37,1.82,3.52,242.11,-0.28
2014-04-01,93.77373006285548,14.64519433817415,120.334545454545,34.41576509220641,7.363964057944503,108.003636363636,32.37008977191405,51.19876206156254,216006.11174399973,2909.5697657474993,9.22,9.75,11.68,7.41,3.22,4.21,196.47,0.09
2014-05-01,90.66505450497677,13.515324897571517,110.468571428571,33.57947086958873,7.275921586913737,109.832272727273,28.76965994690624,17.618469865937463,26219.722291200054,1990.366446327495,12.32,8.38,11.71,8.52,2.51,8.55,143.47,0.32
2014-06-01,98.23465184549816,10.938901413679448,115.274761904762,31.121773768400555,6.554411671472586,112.240952380952,29.5735391614375,5.334118437343747,154049.15164159995,2037.9396101362443,8.74,10.7,10.88,7.51,2.47,15.13,86.94,0.23
2014-07-01,113.50329238048027,22.31534334891771,128.667727272727,34.45382341215004,5.5808484831394365,107.462608695652,33.65127285719529,-6.21831438570316,26863.55819519998,2405.5757697974955,11.26,9.52,10.16,8.12,3.23,17.08,63.62,-0.06
2014-08-01,118.12684371798498,11.0208179698701,109.197619047619,37.440111121638,5.930185770214278,102.401904761905,33.76935252168749,2.7982233261718927,-131522.72358399985,2252.380758167502,11.72,9.91,9.2,7.63,3.15,18.88,46.79,-0.03
2014-09-01,119.99146154131351,5.694341136624032,100.531904761905,42.04337318430202,5.638822705243405,97.8527272727273,35.19967725284375,-9.932356894609384,31227.52844799995,2379.2355132299954,14.56,9.94,7.73,7.17,3.19,15.4,64.2,0.29
2014-10-01,113.14668142205599,-11.621435793924698,101.9,46.10692047040946,6.446873507246155,87.5847826086957,35.32197602367969,17.354853311562458,58113.42284800014,2263.9811585749962,11.6,9.68,7.39,6.86,3.3,12.68,119.96,0.44
2014-11-01,95.32240417779968,-9.647349831191603,86.1594736842105,48.19313085432771,7.826872725915347,79.2295,34.67982312989843,35.14336104773441,-19445.804800000085,2280.454402972493,15.52,10.22,6.75,4.28,3.05,6.58,179.2,0.75
2014-12-01,92.57635031471311,12.65301807737975,82.8145454545454,44.82821760614716,7.476132268191096,62.9039130434783,33.17273347565624,8.920046348828155,-169031.9042560001,2091.2377289949995,15.17,9.79,6.65,5.34,2.12,5.72,198.76,0.72
2015-01-01,77.70293900696734,31.64680576252982,72.9957142857143,42.442716033096815,7.909528634228973,48.9331818181818,30.016018519296868,12.981478087499939,-67023.07123199994,2056.3700325375016,17.78,10.43,5.99,4.78,2.6,5.57,187.1,0.51
2015-02-01,73.6217841239484,33.167712566640695,61.8365,41.760927926935864,8.25689627263842,58.254,31.435437352570307,-18.3463752542189,69443.751168,2603.598425218746,22.68,13.61,6.02,4.36,2.67,3.88,215.25,0.42
2015-03-01,89.40246163990484,45.95548014166018,61.7063636363636,41.78245973894705,8.40924619310163,56.5245454545454,32.484692983742164,-28.662556856484294,-199156.1018880003,2014.651579952501,23.1,15.25,8.03,4.69,2.78,3.14,255.91,0.47
2015-04-01,90.74528366406716,31.749422121739215,60.9827272727273,42.54061779992023,7.98025268753425,59.8263636363636,32.22275614204687,46.938170649218684,207589.9297279999,2561.578272923748,17.19,14.57,9.95,3.91,2.84,4.1,189.5,0.7
2015-05-01,87.44229409094089,41.27819423999969,77.32,41.3583413190023,8.475723136131803,65.1938095238095,29.612192406640627,14.052445731171852,29245.914879999706,2910.619123462501,21.09,8.71,5.92,3.3,2.61,7.41,154.69,0.92
2015-06-01,86.79729391755448,20.767328278441212,77.3504545454545,41.748169539593235,7.666337978856156,62.62,28.955304698296867,18.86414176117187,150962.77632000015,2332.1967270799973,18.36,10.28,7.37,3.24,2.38,14.32,75.81,1.17
2015-07-01,88.04260510960735,14.991386126889317,75.9247826086956,32.792832904696645,7.530346513614501,56.8295652173913,26.51680430660938,31.149211196250043,52270.81241599993,2251.990360028747,20.98,11.34,7.24,4.98,2.35,16.83,73.08,1.45
2015-08-01,87.50822394068192,33.059992377458606,75.5752380952381,31.969901268358768,7.44870402152592,47.5338095238095,25.48168498566405,-16.164860474999923,-155287.71660800008,2738.7876048162493,21.37,12.66,6.65,6.47,2.5,22.12,36.66,1.93
2015-09-01,81.09417139001502,20.072911363613724,69.8428571428571,35.133255772001995,8.44553738654813,48.0304545454545,26.474812691898443,-19.29515309187505,16741.94662400027,2811.6757650149925,26.15,10.03,7.22,7.05,2.5,18.5,50.94,2.2
2015-10-01,79.07610624792429,8.831418156522089,71.235,34.83941862404514,8.610917796175663,48.9063636363636,26.999239446101555,25.477606083437596,17241.620121599695,2630.8460508612484,22.34,8.96,5.52,5.11,2.27,16.31,87.97,2.36
2015-11-01,96.47629300682202,14.138773572806413,57.034,38.62616631854043,8.991327365508392,45.0952380952381,28.459543741867183,27.744023073671816,-32654.138111999775,2613.799405388741,15.27,4.94,5.29,4.7,2.25,8.74,133.03,2.71
2015-12-01,78.4459857499847,31.136036423986326,53.1090909090909,32.212296152221256,8.952438845919243,38.5252173913043,24.47669875851562,18.88548021570316,-19326.677760000115,2834.816779982502,13.71,6.02,4.4,2.98,2.25,8.09,149.93,2.65
2016-01-01,80.97495194005954,36.3483420975265,54.5105,28.32805630421145,9.156434933752482,32.0452380952381,23.61985220221094,-1.1361358410937108,-269353.2044800002,2589.8668864762512,13.23,5.94,3.19,1.97,1.88,4.44,278.73,2.56
2016-02-01,88.40037283274268,25.118196282928757,62.9442857142857,28.722395751242235,9.274713817034737,33.762380952381,26.504522220992175,-13.196872492890673,64370.04351999995,2721.910643019995,16.52,5.54,3.11,1.55,1.82,4.44,174.95,2.24
2016-03-01,84.07763355612988,25.38437385010384,63.4339130434783,28.07739769757445,8.612090071927321,39.7921739130435,24.395247741859368,-1.2209275927345349,-32187.14598399996,2199.5784922575012,23.56,7.84,1.78,1.58,1.55,4.78,247.62,1.61
2016-04-01,82.82514959417037,20.214692995444874,64.8123809523809,29.083985613925194,8.789706482978978,43.3304761904762,24.458745752320304,32.77857104531256,247944.28902400009,3459.159918242495,19.79,7.63,1.75,1.95,0.92,10.11,151.52,0.9
2016-05-01,79.89179834584482,2.35030270771344,73.9909523809524,25.81801653430988,8.655704315305483,47.735,21.426100946109383,1.4370121775781683,32163.478783999864,1934.6908960462463,18.62,7.18,1.49,1.14,0.92,10.64,121.65,0.3
2016-06-01,77.39864699236628,10.671933420726734,79.0527272727273,24.837343323575215,8.641466041633015,49.8772727272727,21.539372306609366,7.545109016015611,160406.6286080003,3210.2065688350026,27.13,9.06,2.58,1.05,0.92,15.04,70.96,-0.03
2016-07-01,74.93766296720625,14.578561902051515,76.0115,23.461328992792133,8.074532621428492,46.5985714285714,21.62515808992187,68.78264326601557,67308.2746879999,2741.081896384998,27.73,11.62,3.67,1.49,0.92,19.9,47.5,-0.47
2016-08-01,79.21243060807227,12.975522556627624,65.1560869565217,21.392488497271163,7.768238209269668,47.0521739130435,22.128170194148428,-28.285652669062564,-168826.10944000006,2979.732020338746,21.6,10.3,3.8,1.33,0.92,21.39,54.96,-0.57
2016-09-01,83.13445211481077,13.569983988435828,58.7147619047619,24.822867050641335,8.344989712529463,47.3768181818182,21.937823254585922,-23.663463361406286,3492.9149440003043,3055.5770603912456,27.16,9.29,4.34,1.64,0.97,14.21,88.8,-0.57
2016-10-01,100.6272512871845,11.136155239811481,50.2290476190476,32.11244115187902,8.608121122396339,51.4138095238095,25.212293762914047,12.259457484374918,28246.84313600008,2844.1797275874965,19.25,13.21,5.08,2.63,1.42,10.51,123.15,-0.74
2016-11-01,86.00608551169123,19.316284733265242,46.6109523809524,23.160328320337985,8.605204668824049,46.9422727272727,23.15937579624999,0.32626345999988393,-46075.94470400005,2568.3481686049918,22.43,12.39,6.6,4.99,2.23,7.13,154.95,-0.76
2016-12-01,74.4987754530042,19.553446737887967,53.4476190476191,24.769817009477755,8.672874585733371,55.0227272727273,25.101340131648424,37.90480464828123,-22830.894591999833,2465.4956647962454,21.66,11.6,4.57,1.82,0.8,6.02,226.79,-0.5
2017-01-01,71.32295307317919,18.51540253367984,61.3727272727273,29.28844486077969,8.111512668635712,55.7109090909091,25.93631483379686,13.047774000546731,-280240.1740800002,3040.430114376249,16.4,9.02,2.86,0.34,0.0,3.98,243.71,-0.43
2017-02-01,75.11567403107871,15.151054702268313,71.769,24.321770042257633,7.788612744462203,56.096,25.605937327554685,-12.51567214148444,49736.03712000006,2178.3023330037454,22.48,8.67,2.66,0.41,0.0,3.87,249.9,-0.08
2017-03-01,72.62989732120603,23.818756373755093,68.3939130434783,27.63411271899264,4.890687070392451,52.6552173913044,25.802098975421874,-17.20364404570307,-37161.28998400009,3891.672698384991,22.05,6.96,1.19,0.09,0.0,3.66,240.15,0.03
2017-04-01,71.86891279792499,11.554139213913526,59.613,27.858991956331412,5.6599694320252505,53.978,23.96706570664062,6.645267371562578,310172.1013759997,1252.3763224925003,13.44,3.08,0.99,0.1,0.0,5.52,184.79,0.21
2017-05-01,78.74660044930494,7.631579154466167,68.2513636363636,24.813702684199693,6.751664742407617,51.374347826087,26.53842823586719,27.33181226843734,34264.18329600008,3219.2518716437435,16.5,3.5,0.69,0.24,0.0,8.33,130.93,0.36
2017-06-01,83.05071255482034,10.570887069091102,82.0536363636364,24.37916436707795,-2.6560918696989884,47.6527272727273,27.78523145879686,16.174860489218766,140953.90515199988,3270.0294106762535,15.66,5.01,1.91,0.81,0.0,15.31,70.69,0.33
2017-07-01,79.63447553118544,13.202819934018164,88.0645,22.877436310993428,1.6387256308487752,49.2533333333333,26.08714629843749,67.81890265968737,81163.22303999978,3107.032565290002,20.96,6.64,2.22,1.54,0.63,20.66,38.5,0.25
2017-08-01,77.02941697246816,10.02398245757941,78.5747826086956,27.82057059378794,-3.1552584909278236,51.9278260869565,23.557205019250002,-27.394052601718855,-187399.47648000007,3204.1835688724937,15.8,5.17,2.61,1.21,1.01,22.68,42.98,-0.16
2017-09-01,79.9040224338124,13.88548362130628,58.945,34.936638106442075,9.960271008539097,55.557619047619,25.360135598429686,14.62103519539063,-3185.8547200002404,3265.016275776246,20.49,8.11,2.81,0.75,0.42,18.95,57.98,-0.43
2017-10-01,80.35529718734364,21.66182022468662,59.1181818181818,37.60379867548112,20.89880233845935,57.5363636363636,24.852948367156245,25.259363616640616,47836.015103999736,3210.328405694996,18.01,7.8,1.51,0.74,0.0,12.33,108.09,-0.56
2017-11-01,82.75460492929224,33.414497769184706,62.8590476190476,31.68161588480469,24.013807732828898,62.8363636363636,27.450511510906246,-28.49178479250002,-44319.37484799972,2719.0463609687567,18.1,13.59,3.23,0.86,0.0,5.96,160.24,-0.96
2017-12-01,73.89196575990637,17.299776293077898,60.5435,24.400281177403148,14.634752423641167,64.0642857142857,26.603741560843748,42.498324654765575,-30755.669504000238,2866.9103537337432,23.39,16.91,5.56,0.69,0.0,6.32,220.28,-0.99
2018-01-01,71.94325396058059,16.42913052512661,68.1977272727273,27.550392755662468,13.097424313569242,68.8891304347826,27.696071448351567,-4.601523208046965,-299109.63609599986,2764.9839703549983,29.69,17.72,12.93,1.44,0.0,4.11,212.58,-0.98
2018-02-01,72.58849185056289,16.961240415114638,69.577,34.09235685876608,6.354622428840268,65.6965,27.034620221296873,-34.80395745156241,52347.30470399967,2626.2180865849923,23.71,14.19,9.26,2.69,0.0,4.0,249.41,-0.78
2018-03-01,71.0577119882917,21.45596751473047,61.4145454545454,34.56258584869004,5.566086352967957,66.8918181818182,28.10175944840624,38.31892839179682,-12540.888064000279,2952.841131076245,16.36,11.3,7.33,5.84,0.5,3.64,213.56,-0.8
2018-04-01,67.8578315136414,12.314709510829354,53.9728571428571,27.89430108412066,-0.365295172799018,71.9328571428572,25.366027977562503,24.78199850789066,453705.0004479999,3102.6334368562493,13.45,10.25,6.2,5.59,1.84,5.65,197.06,-0.51
2018-05-01,71.16600506069801,11.13057848043706,63.4209090909091,34.02463770685883,10.681838030026379,76.934347826087,25.00656959839844,4.589791454296805,36808.42009600018,2980.2252916749917,13.81,7.94,6.39,5.98,1.74,11.68,133.51,-0.2
2018-06-01,76.1062888619123,19.048548630995587,77.3938095238095,36.5038102032953,-5.556008765101282,75.8028571428572,25.71138197543749,28.150144981875087,165998.90764799988,2885.724429424997,17.17,10.91,6.94,5.39,1.57,15.57,63.86,0.05
2018-07-01,84.46903635651967,20.893642289870083,74.8742857142857,37.27166745431498,-1.495351632052078,75.2290909090909,27.076699444140626,33.491635998906354,90117.44409599954,3896.6375023799988,17.76,12.71,9.09,5.77,1.35,20.26,54.18,0.12
2018-08-01,88.66525581781775,20.315055423843603,51.515652173913,41.11912857806865,0.7957161701433625,73.8513043478261,26.919711548328117,-10.073506590390606,-150644.3115520002,1924.8102456224938,18.5,13.06,9.92,4.96,1.3,18.43,57.83,0.09
2018-09-01,97.30572230876527,19.804228885706802,52.1226315789474,37.44075090170152,13.256088384288685,79.163,28.123291673281244,-6.345281631718787,-15799.924480000378,2742.3679854787474,15.91,9.99,8.45,4.63,1.45,15.41,71.42,0.47
2018-10-01,85.44925904649891,19.963788906907837,64.2913043478261,37.423073519535414,27.9247527001238,80.7834782608696,27.375495894093735,-0.5343471228124241,39810.60249599993,2641.3251308174945,12.87,7.92,6.94,2.76,1.13,10.53,120.18,0.9
2018-11-01,75.52534042172863,20.060450245059098,57.0357142857143,40.25850287873637,39.44649884784877,66.2286363636364,25.496807448226555,4.20886322945295,-51702.248960000055,3296.0702648674983,9.33,9.07,6.61,2.18,0.98,6.16,202.26,0.9
2018-12-01,82.90130750912604,20.45397680779957,52.2263157894737,34.527461877816776,12.505856321691898,57.9480952380952,27.38288346281249,78.77206302250003,-22158.769664000138,4731.075698458755,8.3,9.45,6.5,1.8,0.95,5.41,224.54,0.89
2019-01-01,73.2765119914127,21.735811972686125,54.8031818181818,29.97092451372917,6.628175221474045,59.9447826086956,26.10040307325781,-9.167126488046978,-313567.15699200006,3031.324036947496,11.76,8.5,4.19,1.47,0.13,4.48,193.85,0.65
2019-02-01,77.77449344675176,10.694203282068806,52.6395,30.41642936717578,3.0623904281338437,64.384,25.84869496285937,6.757806853671863,66324.51020799995,3715.2515367487445,12.73,7.14,3.04,0.43,0.03,4.54,225.06,0.71
2019-03-01,76.33795879361466,3.626432345356561,57.12,34.09783586660938,2.6202699832551937,66.9419047619048,24.348189339921877,39.730939988437356,-16001.12025600001,3466.9311770899967,12.89,4.36,1.02,0.0,0.0,4.52,216.58,0.8
2019-04-01,83.2335749531356,12.939645757048845,77.9963636363637,30.011083689438912,-0.2545829274147299,71.4759090909091,23.835601169101565,17.508500716484292,323407.133184,3347.058784070002,7.78,2.14,0.49,0.0,0.0,4.79,196.61,0.62
2019-05-01,81.99221718345426,12.81440923862182,80.6254545454545,30.240007048758944,19.98589090373219,70.3891304347826,24.62375307120311,10.805177608515653,39668.92646399995,2997.4153346112485,7.12,4.1,0.54,0.13,0.0,8.29,153.27,0.55
2019-06-01,84.76262745979014,10.063168680112751,76.4315,29.549088070078707,4.118368741748577,63.2085,25.575038864984357,35.719126967265616,165343.2760319997,2846.33889155624,7.33,2.5,0.61,0.13,0.0,17.63,66.7,0.45
2019-07-01,80.62866203605736,5.82454799737981,71.9336363636364,29.60439880547919,3.1333375731026356,64.3221739130435,24.371960252476548,-24.986709097656377,139292.45491199993,2881.9931217612448,15.94,5.6,1.15,0.13,0.0,18.39,56.19,0.35
2019-08-01,71.96053522194724,25.542471397944915,75.1663636363637,30.10434498608551,7.457677931339055,59.6181818181818,24.437666587859354,-1.5266743273437775,-203741.3493760001,2794.4179806175002,18.42,8.94,1.88,0.39,0.0,20.94,40.99,0.04
2019-09-01,76.67725432726591,15.62768867625853,56.393,29.825817190822885,19.383608343072883,62.4309523809524,24.673444231593738,-2.16335039546872,-54458.87232000021,2596.538450986251,17.88,11.65,4.48,0.79,0.0,17.74,59.74,0.04
2019-10-01,105.0581292235019,16.22055622474718,60.4239130434783,32.70481473115758,18.065838123294515,59.6313043478261,26.154868269140632,27.00871045515626,111817.17657600019,2922.152343308746,14.21,9.1,6.04,0.43,0.0,9.22,115.49,0.48
2019-11-01,107.23774912470806,17.211762135139505,57.335,33.621509763099766,19.107619392209223,62.6866666666667,26.349925248390615,33.952524266796786,-51239.65926400005,3303.787631406243,17.9,6.12,3.76,0.09,0.0,7.65,152.69,0.52
2019-12-01,82.24198090114861,13.52147249990589,57.2331578947368,29.128785650069474,12.347899928075488,65.3481818181818,24.827622940124993,66.45789298835938,-33597.79225600035,2949.6156045762486,11.97,6.31,3.15,0.06,0.0,6.46,193.92,0.52
2020-01-01,72.87661416130712,6.396501089403706,58.68,26.18601551363534,4.857408373844483,63.8986956521739,22.690674881835925,-13.69307409281239,-316281.7062400001,3334.148045143739,14.55,7.2,1.96,0.04,0.0,4.47,221.28,0.6
2020-02-01,82.84791564098596,-18.758285289064272,54.8805,28.723496905767632,6.82984502775902,55.691,22.55648870884374,-35.11033988093752,52729.295360000004,3395.326330132495,11.16,7.5,1.68,0.43,0.0,3.56,226.16,0.37
2020-03-01,81.64977248277606,36.661925187878275,58.7577272727273,38.229745469308234,-1.0331404946406888,33.9472727272727,24.582580110812497,-14.34102601070324,10531.724800000118,2898.3247472375015,8.89,9.54,2.12,0.38,0.03,5.23,237.28,0.48
2020-04-01,82.24255871515263,58.82346667636382,48.665,41.64122614997307,4.038643486333895,26.8486363636364,27.069381302406235,13.542374846015552,1298144.888832,3812.4564644049965,11.7,7.55,4.3,0.38,0.0,5.88,205.06,0.36
2020-05-01,89.63175355845738,25.825777871515143,62.7835,47.13434212662305,22.48918684265817,32.4223809523809,31.004846177375008,44.09472552609381,23867.29651199988,6645.922340804997,13.44,10.22,5.36,1.07,0.0,9.85,144.73,-0.27
2020-06-01,90.14146510630782,30.182980960692344,46.54,46.91675886420345,11.221087814665363,40.8604545454546,30.677737673257802,125.10692738710934,-19463.59065600041,23978.903686332495,16.73,12.61,6.73,2.02,0.06,15.71,82.69,-0.34
2020-07-01,88.01980765415514,11.919545310175526,46.1872727272727,38.45620867477936,36.75275034733778,43.295652173913,27.69618496285937,382.8427209657813,-154722.56716800033,16755.95629989625,20.44,15.61,9.33,2.43,0.0,19.24,43.48,-0.3
2020-08-01,73.19197741716232,0.6858961258193773,52.4142857142857,33.85868710025043,-16.905103835150065,45.0814285714286,25.147292877492188,-113.33662560320309,-348808.11417600006,-8910.791913783747,20.63,12.54,13.49,7.11,0.08,23.34,38.56,-0.59
2020-09-01,67.97477183864581,21.0461474089967,65.5914285714286,31.68874861903871,7.170001671557808,41.9268181818182,22.69648810463282,-174.3794392842188,-117351.71712000048,-9149.746327749996,19.71,12.89,10.62,11.22,1.0,20.24,42.39,-0.83
2020-10-01,69.16597370072193,34.51154145788846,75.5918181818182,31.647763855177953,12.506537536949514,41.6068181818182,23.736392050554684,-49.61938679804681,160068.4733440002,552.8358651962465,16.2,13.77,9.3,12.46,2.38,15.55,87.24,-1.25
2020-11-01,71.50787554740184,17.75451217310028,68.1295,30.103744329108206,11.915530934856099,44.05,22.826976788164046,19.404448503046854,-109371.84998399988,515.0707735425028,17.47,13.48,9.07,9.32,8.24,6.56,157.68,-1.42
2020-12-01,60.45983518604279,21.639801236453287,62.2785,32.60065621971541,7.997508101719362,50.3769565217391,22.81286882574218,0.9714407482030913,-145356.81049599987,1962.1968628662485,16.09,12.32,10.02,10.29,8.26,6.56,179.87,-1.15
2021-01-01,69.39767690513575,24.603795565232424,64.043,32.48327968171418,-0.5544884525010434,55.2247619047619,22.389812305039058,-18.270711490390624,-288499.7614080001,3920.209526477501,18.63,11.93,9.27,9.7,7.33,4.45,212.12,-0.99
2021-02-01,85.01305712792998,16.052311909595957,72.818,34.21121140695747,-7.134955887776263,62.3625,22.865870992617175,-28.082920612031266,-48675.01260800038,5851.955774002496,16.05,13.1,10.28,8.45,7.1,5.01,235.62,-1.0
2021-03-01,82.05467718721106,17.0410092740369,88.88,29.752648948028583,1.4952191306991411,65.7960869565217,24.638065771851554,39.99056244546874,-45135.95750400024,5641.2221050225035,21.84,11.94,9.12,8.33,7.28,5.64,226.42,-0.8
2021-04-01,78.46361280453381,8.170323620583623,102.159090909091,23.666958918394247,7.65213349461978,65.5318181818182,24.459609509429672,55.55057860781244,607453.6442879997,-1944.1906770824987,20.11,13.26,8.98,10.43,7.7,6.87,165.31,-0.72
2021-05-01,104.07902098270863,9.318380827043013,109.581428571429,31.112577001956886,5.530989921115349,68.3752380952381,27.188027284593748,116.59370458664058,37075.0028799997,3698.977200938754,16.13,11.05,7.92,10.3,8.19,13.96,109.65,-0.46
2021-06-01,113.76640402246444,13.847923304378034,116.191363636364,31.884590252426587,2.1135608140541255,73.5127272727273,28.22421815326562,-117.07242539632813,-19999.285759999948,-4684.233842017504,11.98,9.68,10.83,10.85,8.12,16.14,72.26,-0.28
2021-07-01,104.63414007162828,-1.9592061199325927,109.517142857143,31.577637646466098,-11.639392697365677,74.4031818181818,28.747503757406246,15.139911001406206,259921.5232000002,646.8807170237475,9.21,7.34,10.97,14.26,7.44,20.28,50.75,-0.39
2021-08-01,119.72807405310493,5.4518338798269745,106.345909090909,32.730303000605055,3.7237887590735643,70.5881818181818,28.863389744999985,-54.802697921406285,-242604.52966400026,1576.4530767400036,7.6,8.42,10.16,13.78,6.67,21.58,43.72,-0.53
2021-09-01,162.5399481626765,15.265811817835324,93.0257142857143,41.93548931185309,9.1873305561649,74.7495454545454,36.536414074195314,-0.4457864506249837,-116111.82924799998,835.1598194250009,12.43,9.42,11.27,13.23,6.06,15.29,59.63,-0.55
2021-10-01,158.34875894476366,23.01994542545495,84.8452380952381,45.89420110313015,11.70462903571045,83.8652380952381,33.35977281805469,21.4854390833593,301415.1221760002,2771.872981104994,12.57,12.44,12.51,10.22,4.8,10.05,124.68,-0.94
2021-11-01,152.33141020291305,20.198202107012538,73.7585714285714,42.795444082635086,11.183112032192222,80.8904545454545,30.061101593109377,86.1770975760156,79098.1649920003,4313.102559679995,13.15,15.38,14.5,10.4,4.44,4.2,203.32,-0.94
2021-12-01,135.69021704808037,19.538133311530583,69.8928571428571,41.12848448701466,8.958564440091036,74.6782608695652,32.51590059514843,9.584753304921787,-215566.91046400042,4169.360552658745,14.11,16.51,19.01,9.03,1.3,3.97,268.29,-1.06
2022-01-01,110.95841875105758,19.3237904188521,75.6319047619048,40.86653391947025,11.565947531942726,85.6223809523809,31.26061100561716,-93.31329864796875,-319187.38252800005,3985.232054455005,14.23,15.78,20.29,9.09,1.12,4.14,221.72,-0.95
2022-02-01,108.97273265877268,15.469913562537181,90.39,37.89946443575394,2.3294197345378427,94.267,34.25491563077344,-24.05307597992188,-11365.628928000098,3768.537469834991,12.06,16.2,22.27,10.13,0.98,3.64,212.88,-0.89
2022-03-01,109.43451243949677,20.217122533799326,99.4478260869565,44.97380381716368,-14.285790283342532,112.44,35.870992985421886,24.33451357445311,34637.46995200085,5269.040640992505,9.71,13.98,20.17,12.76,1.55,3.79,256.78,-0.97
2022-04-01,116.84208324199741,20.698935741614946,99.2971428571428,46.58581935601656,4.079765735334942,106.155714285714,31.313178149968742,44.66643453554682,450209.3739519989,4989.317676571245,9.04,11.12,18.33,11.98,3.48,7.61,168.46,-1.11
2022-05-01,119.056385259108,16.40140561436522,100.148571428571,51.655112871469385,14.579460949369771,112.113636363636,28.061994066632803,39.51917016374993,52113.024768,788.3161806512385,10.14,10.48,14.02,12.21,4.61,12.62,120.84,-1.11
2022-06-01,121.2937977942053,20.20468075347256,107.058181818182,51.51494544750064,-18.838039967036426,117.692727272727,25.017256735304674,5.583716862578103,342844.2129920001,1799.2959812487477,22.62,14.89,12.87,11.43,3.23,14.47,78.87,-0.75
2022-07-01,162.62981062967165,29.212898123576,113.4335,55.316742601872406,-9.123709280816499,105.252857142857,44.97140443493747,64.07110440562495,490558.13247999985,1704.6192411012557,15.62,12.15,15.09,12.1,3.74,20.18,48.25,-0.7
2022-08-01,179.3744511482467,27.72756860374213,115.851304347826,61.588742507493144,14.974642955106694,97.6430434782609,44.987758174445325,-31.425243234765716,-382781.62764800026,3726.761665987498,16.33,12.57,14.76,9.23,1.68,20.4,45.84,-0.97
2022-09-01,181.32102910655075,31.218713068413226,95.9495238095238,47.63776230222175,25.952158442783173,90.6081818181818,48.40010045149218,-20.720442884843692,-470444.49152,3980.282393069984,21.72,17.76,14.87,8.31,2.14,19.18,50.41,-1.07
2022-10-01,178.65533508786604,29.65111515524935,91.5680952380953,46.049915519811826,43.32510581071134,93.7185714285714,52.99357413897654,40.923328688906196,322371.33542399993,4594.656235443754,18.91,22.08,18.27,9.59,2.48,11.19,109.0,-0.99
2022-11-01,158.35470268947594,29.668189508059015,86.1904761904762,43.57658802721814,35.20951900674307,90.9386363636364,40.59762328062499,44.32425438367188,-6150.871040000158,2559.5832938924964,18.5,21.25,15.97,8.54,2.33,7.13,161.46,-0.9
2022-12-01,132.86001162909352,29.47594467957152,79.5866666666667,51.17534347200429,19.90146312153526,81.5031818181818,38.63588215763279,90.2121819689843,-114504.68915200017,4548.688997635012,19.46,16.72,13.66,6.68,1.55,4.2,225.29,-0.86
